{"z0": 50.0, "z1": -58.22688674926758, "uv": [[0.028138451278209686, 0.29945695400238037], [0.028138451278209686, 0.7220966219902039], [0.013671875, 0.3890807032585144], [0.013671875, 0.6253278255462646], [0.052951663732528687, 0.3943946063518524], [0.052951663732528687, 0.6193715929985046], [0.4478805661201477, 0.3975786566734314], [0.4478805661201477, 0.6157926321029663], [0.5962660908699036, 0.41043198108673096], [0.5962660908699036, 0.6012722253799438], [0.8070937395095825, 0.3597240149974823], [0.8070937395095825, 0.6578251719474792], [0.877212405204773, 0.2571137845516205], [0.877212405204773, 0.7651451230049133], [0.9208984375, 0.3159318268299103], [0.9208984375, 0.7048729658126831]]}